<STYLES>
	<NAVIGATION>
		<MAIN start_x="0" start_y="0" dist_x="80" dist_y="0"/>
		<SUB start_x="40" start_y="16" dist_x="0" dist_y="16"/>
		<TEXTCOLOR normal = "333333" over = "FFFFFF" 
selected = "000000"/>
	</NAVIGATION>
	<TEMPLATE>
		<TEXTTEMPLATE start_x="0" start_y="0"/>
		<BGTEMPLATE start_x="0" start_y="0"/>
		<TEXTCOLOR headline="ff6600" text="333333"/>
		<HEADLINE override="0">
<FORMAT html="true" align="left" blockIdent="0" bold="0" italic="1" underline="1" size="20" indent="0" leading="0" leftMargin="0" rightMargin="0"/>
		</HEADLINE>
		<TEXT override="0">
<FORMAT html="true" align="left" blockIdent="0" bold="0" italic="0" underline="0" font="Arial" size="11" indent="0" leading="3" leftMargin="0" rightMargin="0"/>
		</TEXT>
	</TEMPLATE>
</STYLES>

