<NAVIGATION>
<MENU title='home' template='temp.swf' textfile='home.html' _x='0' _y='0'/>
<MENU title='service' _x='0' _y='20'>
	<MENU title='service 1' _x='90' _y='0'>
		<MENU title='service 1_1'  _x='90' _y='0'/>
	</MENU>
	<MENU title='service 2' _x='90' _y='20'/>
</MENU>
<MENU title='products' _x='0' _y='40'>
	<MENU title='product 1' _x='90' _y='0'/>
	<MENU title='product 2' _x='90' _y='20'/>
	<MENU title='product 3' _x='90' _y='40'/>
	<MENU title='product 4' _x='90' _y='60'/>
</MENU>
<MENU title='location'_x='0' _y='60'/>
<MENU title='contact' _x='0' _y='80'/>
</NAVIGATION>
