<NAVIGATION>
	<MENU title='home' template='template.swf' bg_template='bg_template.swf' textfile='text/home.html'/>
	<MENU title='service'>
		<MENU title='service-1' template='template.swf' bg_template='bg_template2.swf' textfile='text/service.html'/>
		<MENU title='service-2' template='template.swf' textfile='text/service.html'/>
	</MENU>
	<MENU title='products'>
		<MENU title='product-1' template='template.swf' bg_template='bg_template3.swf' textfile='text/products.html'/>
		<MENU title='product 2'>
			<MENU title='product-1' template='template.swf' textfile='text/products.html'/>
			<MENU title='2 backgrounds' template='bg_template4.swf' bg_template='bg_template2.swf'/>
			<MENU title='product 3'>
				<MENU title='product-1' template='template.swf' textfile='text/products.html'/>
			</MENU>
		</MENU>
	</MENU>	
	<MENU title='contact' template='template.swf' bg_template='bg_template4.swf' textfile='text/contact.html'/>
	<MENU title='external link' link='http://www.robertreich.de'/>
</NAVIGATION>
